[['1' '1' '1' '2022-06-03, 11:54:17']
 ['1' '1' '1' '2022-06-03, 11:54:17']
 ['1' '1' '1' '2022-06-03, 11:54:18']
 ['1' '1' '1' '2022-06-03, 11:54:18']
 ['1' '1' '1' '2022-06-03, 11:54:18']
 ['1' '1' '1' '2022-06-03, 11:54:18']
 ['1' '1' '1' '2022-06-03, 11:54:18']
 ['1' '1' '1' '2022-06-03, 11:54:18']
 ['1' '1' '1' '2022-06-03, 11:54:18']
 ['1' '1' '1' '2022-06-03, 11:54:18']
 ['1' '1' '1' '2022-06-03, 11:54:18']
 ['1' '1' '1' '2022-06-03, 11:54:18']
 ['1' '1' '1' '2022-06-03, 11:54:18']
 ['1' '1' '1' '2022-06-03, 11:54:18']
 ['1' '1' '1' '2022-06-03, 11:54:18']
 ['1' '1' '1' '2022-06-03, 11:54:18']
 ['1' '1' '1' '2022-06-03, 11:54:18']
 ['1' '1' '1' '2022-06-03, 11:54:18']
 ['1' '1' '1' '2022-06-03, 11:54:18']
 ['1' '1' '1' '2022-06-03, 11:54:18']
 ['1' '1' '1' '2022-06-03, 11:54:18']
 ['1' '1' '1' '2022-06-03, 11:54:18']
 ['1' '1' '1' '2022-06-03, 11:54:18']
 ['1' '1' '1' '2022-06-03, 11:54:18']
 ['1' '1' '1' '2022-06-03, 11:54:18']
 ['1' '1' '1' '2022-06-03, 11:54:18']
 ['1' '1' '1' '2022-06-03, 11:54:18']
 ['1' '1' '1' '2022-06-03, 11:54:18']
 ['1' '1' '1' '2022-06-03, 11:54:18']
 ['1' '1' '1' '2022-06-03, 11:54:18']
 ['1' '1' '1' '2022-06-03, 11:54:18']
 ['1' '1' '1' '2022-06-03, 11:54:18']
 ['1' '1' '1' '2022-06-03, 11:54:18']
 ['1' '1' '1' '2022-06-03, 11:54:18']
 ['1' '1' '1' '2022-06-03, 11:54:18']
 ['1' '1' '1' '2022-06-03, 11:54:18']
 ['1' '1' '1' '2022-06-03, 11:54:18']
 ['1' '1' '1' '2022-06-03, 11:54:18']
 ['1' '1' '1' '2022-06-03, 11:54:18']
 ['1' '1' '1' '2022-06-03, 11:54:18']
 ['1' '1' '1' '2022-06-03, 11:54:18']
 ['1' '1' '1' '2022-06-03, 11:54:18']
 ['1' '1' '1' '2022-06-03, 11:54:18']
 ['1' '1' '1' '2022-06-03, 11:54:18']
 ['1' '1' '1' '2022-06-03, 11:54:18']
 ['1' '1' '1' '2022-06-03, 11:54:18']
 ['1' '1' '1' '2022-06-03, 11:54:18']
 ['1' '1' '1' '2022-06-03, 11:54:18']
 ['1' '1' '1' '2022-06-03, 11:54:18']
 ['1' '1' '1' '2022-06-03, 11:54:18']
 ['1' '1' '1' '2022-06-03, 11:54:18']
 ['1' '1' '1' '2022-06-03, 11:54:18']
 ['1' '1' '1' '2022-06-03, 11:54:18']
 ['1' '1' '1' '2022-06-03, 11:54:18']
 ['1' '1' '1' '2022-06-03, 11:54:18']
 ['1' '1' '1' '2022-06-03, 11:54:18']
 ['1' '1' '1' '2022-06-03, 11:54:18']
 ['1' '1' '1' '2022-06-03, 11:54:18']
 ['1' '1' '1' '2022-06-03, 11:54:18']
 ['1' '1' '1' '2022-06-03, 11:54:18']
 ['1' '1' '1' '2022-06-03, 11:54:18']
 ['1' '1' '1' '2022-06-03, 11:54:18']
 ['1' '1' '1' '2022-06-03, 11:54:18']
 ['1' '1' '1' '2022-06-03, 11:54:18']
 ['1' '1' '1' '2022-06-03, 11:54:18']
 ['1' '1' '1' '2022-06-03, 11:54:19']
 ['1' '1' '1' '2022-06-03, 11:54:19']
 ['1' '1' '1' '2022-06-03, 11:54:19']
 ['1' '1' '1' '2022-06-03, 11:54:19']
 ['1' '1' '1' '2022-06-03, 11:54:19']
 ['1' '1' '1' '2022-06-03, 11:54:19']
 ['1' '1' '1' '2022-06-03, 11:54:19']
 ['1' '1' '1' '2022-06-03, 11:54:19']
 ['1' '1' '1' '2022-06-03, 11:54:19']
 ['1' '1' '1' '2022-06-03, 11:54:19']
 ['1' '1' '1' '2022-06-03, 11:54:19']
 ['1' '1' '1' '2022-06-03, 11:54:19']
 ['1' '1' '1' '2022-06-03, 11:54:19']
 ['1' '1' '1' '2022-06-03, 11:54:19']
 ['1' '1' '1' '2022-06-03, 11:54:19']
 ['1' '1' '1' '2022-06-03, 11:54:19']
 ['1' '1' '1' '2022-06-03, 11:54:19']
 ['1' '1' '1' '2022-06-03, 11:54:19']
 ['1' '1' '1' '2022-06-03, 11:54:19']
 ['1' '1' '1' '2022-06-03, 11:54:19']
 ['1' '1' '1' '2022-06-03, 11:54:19']
 ['1' '1' '1' '2022-06-03, 11:54:19']
 ['1' '1' '1' '2022-06-03, 11:54:19']
 ['1' '1' '1' '2022-06-03, 11:54:19']
 ['1' '1' '1' '2022-06-03, 11:54:19']
 ['1' '1' '1' '2022-06-03, 11:54:19']
 ['1' '1' '1' '2022-06-03, 11:54:19']
 ['1' '1' '1' '2022-06-03, 11:54:19']
 ['1' '1' '1' '2022-06-03, 11:54:19']
 ['1' '1' '1' '2022-06-03, 11:54:19']
 ['1' '1' '1' '2022-06-03, 11:54:19']
 ['1' '1' '1' '2022-06-03, 11:54:19']
 ['1' '1' '1' '2022-06-03, 11:54:19']
 ['1' '1' '1' '2022-06-03, 11:54:19']
 ['1' '1' '1' '2022-06-03, 11:54:19']][['1' '1' '1' '2022-06-03, 11:54:37']
 ['1' '1' '1' '2022-06-03, 11:54:37']
 ['1' '1' '1' '2022-06-03, 11:54:37']
 ['1' '1' '1' '2022-06-03, 11:54:37']
 ['1' '1' '1' '2022-06-03, 11:54:37']
 ['1' '1' '1' '2022-06-03, 11:54:37']
 ['1' '1' '1' '2022-06-03, 11:54:37']
 ['1' '1' '1' '2022-06-03, 11:54:37']
 ['1' '1' '1' '2022-06-03, 11:54:37']
 ['1' '1' '1' '2022-06-03, 11:54:37']
 ['1' '1' '1' '2022-06-03, 11:54:37']
 ['1' '1' '1' '2022-06-03, 11:54:37']
 ['1' '1' '1' '2022-06-03, 11:54:37']
 ['1' '1' '1' '2022-06-03, 11:54:37']
 ['1' '1' '1' '2022-06-03, 11:54:37']
 ['1' '1' '1' '2022-06-03, 11:54:37']
 ['1' '1' '1' '2022-06-03, 11:54:37']
 ['1' '1' '1' '2022-06-03, 11:54:37']
 ['1' '1' '1' '2022-06-03, 11:54:37']
 ['1' '1' '1' '2022-06-03, 11:54:37']
 ['1' '1' '1' '2022-06-03, 11:54:37']
 ['1' '1' '1' '2022-06-03, 11:54:37']
 ['1' '1' '1' '2022-06-03, 11:54:37']
 ['1' '1' '1' '2022-06-03, 11:54:37']
 ['1' '1' '1' '2022-06-03, 11:54:37']
 ['1' '1' '1' '2022-06-03, 11:54:37']
 ['1' '1' '1' '2022-06-03, 11:54:37']
 ['1' '1' '1' '2022-06-03, 11:54:37']
 ['1' '1' '1' '2022-06-03, 11:54:37']
 ['1' '1' '1' '2022-06-03, 11:54:37']
 ['1' '1' '1' '2022-06-03, 11:54:37']
 ['1' '1' '1' '2022-06-03, 11:54:37']
 ['1' '1' '1' '2022-06-03, 11:54:37']
 ['1' '1' '1' '2022-06-03, 11:54:37']
 ['1' '1' '1' '2022-06-03, 11:54:37']
 ['1' '1' '1' '2022-06-03, 11:54:37']
 ['1' '1' '1' '2022-06-03, 11:54:37']
 ['1' '1' '1' '2022-06-03, 11:54:37']
 ['1' '1' '1' '2022-06-03, 11:54:37']
 ['1' '1' '1' '2022-06-03, 11:54:37']
 ['1' '1' '1' '2022-06-03, 11:54:37']
 ['1' '1' '1' '2022-06-03, 11:54:37']
 ['1' '1' '1' '2022-06-03, 11:54:37']
 ['1' '1' '1' '2022-06-03, 11:54:37']
 ['1' '1' '1' '2022-06-03, 11:54:37']
 ['1' '1' '1' '2022-06-03, 11:54:37']
 ['1' '1' '1' '2022-06-03, 11:54:37']
 ['1' '1' '1' '2022-06-03, 11:54:37']
 ['1' '1' '1' '2022-06-03, 11:54:37']
 ['1' '1' '1' '2022-06-03, 11:54:37']
 ['1' '1' '1' '2022-06-03, 11:54:37']
 ['1' '1' '1' '2022-06-03, 11:54:37']
 ['1' '1' '1' '2022-06-03, 11:54:37']
 ['1' '1' '1' '2022-06-03, 11:54:37']
 ['1' '1' '1' '2022-06-03, 11:54:37']
 ['1' '1' '1' '2022-06-03, 11:54:37']
 ['1' '1' '1' '2022-06-03, 11:54:37']
 ['1' '1' '1' '2022-06-03, 11:54:37']
 ['1' '1' '1' '2022-06-03, 11:54:37']
 ['1' '1' '1' '2022-06-03, 11:54:37']
 ['1' '1' '1' '2022-06-03, 11:54:37']
 ['1' '1' '1' '2022-06-03, 11:54:37']
 ['1' '1' '1' '2022-06-03, 11:54:38']
 ['1' '1' '1' '2022-06-03, 11:54:38']
 ['1' '1' '1' '2022-06-03, 11:54:38']
 ['1' '1' '1' '2022-06-03, 11:54:38']
 ['1' '1' '1' '2022-06-03, 11:54:38']
 ['1' '1' '1' '2022-06-03, 11:54:38']
 ['1' '1' '1' '2022-06-03, 11:54:38']
 ['1' '1' '1' '2022-06-03, 11:54:38']
 ['1' '1' '1' '2022-06-03, 11:54:38']
 ['1' '1' '1' '2022-06-03, 11:54:38']
 ['1' '1' '1' '2022-06-03, 11:54:38']
 ['1' '1' '1' '2022-06-03, 11:54:38']
 ['1' '1' '1' '2022-06-03, 11:54:38']
 ['1' '1' '1' '2022-06-03, 11:54:38']
 ['1' '1' '1' '2022-06-03, 11:54:38']
 ['1' '1' '1' '2022-06-03, 11:54:38']
 ['1' '1' '1' '2022-06-03, 11:54:38']
 ['1' '1' '1' '2022-06-03, 11:54:38']
 ['1' '1' '1' '2022-06-03, 11:54:38']
 ['1' '1' '1' '2022-06-03, 11:54:38']
 ['1' '1' '1' '2022-06-03, 11:54:38']
 ['1' '1' '1' '2022-06-03, 11:54:38']
 ['1' '1' '1' '2022-06-03, 11:54:38']
 ['1' '1' '1' '2022-06-03, 11:54:38']
 ['1' '1' '1' '2022-06-03, 11:54:38']
 ['1' '1' '1' '2022-06-03, 11:54:38']
 ['1' '1' '1' '2022-06-03, 11:54:38']
 ['1' '1' '1' '2022-06-03, 11:54:38']
 ['1' '1' '1' '2022-06-03, 11:54:38']
 ['1' '1' '1' '2022-06-03, 11:54:38']
 ['1' '1' '1' '2022-06-03, 11:54:38']
 ['1' '1' '1' '2022-06-03, 11:54:38']
 ['1' '1' '1' '2022-06-03, 11:54:38']
 ['1' '1' '1' '2022-06-03, 11:54:38']
 ['1' '1' '1' '2022-06-03, 11:54:38']
 ['1' '1' '1' '2022-06-03, 11:54:38']
 ['1' '1' '1' '2022-06-03, 11:54:38']
 ['1' '1' '1' '2022-06-03, 11:54:38']][['1' '1' '1' '2022-06-03, 11:55:01']
 ['1' '1' '1' '2022-06-03, 11:55:01']
 ['1' '1' '1' '2022-06-03, 11:55:01']
 ['1' '1' '1' '2022-06-03, 11:55:01']
 ['1' '1' '1' '2022-06-03, 11:55:01']
 ['1' '1' '1' '2022-06-03, 11:55:01']
 ['1' '1' '1' '2022-06-03, 11:55:01']
 ['1' '1' '1' '2022-06-03, 11:55:01']
 ['1' '1' '1' '2022-06-03, 11:55:01']
 ['1' '1' '1' '2022-06-03, 11:55:01']
 ['1' '1' '1' '2022-06-03, 11:55:01']
 ['1' '1' '1' '2022-06-03, 11:55:01']
 ['1' '1' '1' '2022-06-03, 11:55:01']
 ['1' '1' '1' '2022-06-03, 11:55:01']
 ['1' '1' '1' '2022-06-03, 11:55:01']
 ['1' '1' '1' '2022-06-03, 11:55:01']
 ['1' '1' '1' '2022-06-03, 11:55:01']
 ['1' '1' '1' '2022-06-03, 11:55:01']
 ['1' '1' '1' '2022-06-03, 11:55:01']
 ['1' '1' '1' '2022-06-03, 11:55:01']
 ['1' '1' '1' '2022-06-03, 11:55:01']
 ['1' '1' '1' '2022-06-03, 11:55:01']
 ['1' '1' '1' '2022-06-03, 11:55:01']
 ['1' '1' '1' '2022-06-03, 11:55:01']
 ['1' '1' '1' '2022-06-03, 11:55:01']
 ['1' '1' '1' '2022-06-03, 11:55:01']
 ['1' '1' '1' '2022-06-03, 11:55:01']
 ['1' '1' '1' '2022-06-03, 11:55:01']
 ['1' '1' '1' '2022-06-03, 11:55:01']
 ['1' '1' '1' '2022-06-03, 11:55:01']
 ['1' '1' '1' '2022-06-03, 11:55:01']
 ['1' '1' '1' '2022-06-03, 11:55:01']
 ['1' '1' '1' '2022-06-03, 11:55:01']
 ['1' '1' '1' '2022-06-03, 11:55:01']
 ['1' '1' '1' '2022-06-03, 11:55:01']
 ['1' '1' '1' '2022-06-03, 11:55:01']
 ['1' '1' '1' '2022-06-03, 11:55:01']
 ['1' '1' '1' '2022-06-03, 11:55:01']
 ['1' '1' '1' '2022-06-03, 11:55:01']
 ['1' '1' '1' '2022-06-03, 11:55:01']
 ['1' '1' '1' '2022-06-03, 11:55:01']
 ['1' '1' '1' '2022-06-03, 11:55:01']
 ['1' '1' '1' '2022-06-03, 11:55:01']
 ['1' '1' '1' '2022-06-03, 11:55:01']
 ['1' '1' '1' '2022-06-03, 11:55:01']
 ['1' '1' '1' '2022-06-03, 11:55:01']
 ['1' '1' '1' '2022-06-03, 11:55:01']
 ['1' '1' '1' '2022-06-03, 11:55:01']
 ['1' '1' '1' '2022-06-03, 11:55:01']
 ['1' '1' '1' '2022-06-03, 11:55:01']
 ['1' '1' '1' '2022-06-03, 11:55:01']
 ['1' '1' '1' '2022-06-03, 11:55:01']
 ['1' '1' '1' '2022-06-03, 11:55:01']
 ['1' '1' '1' '2022-06-03, 11:55:02']
 ['1' '1' '1' '2022-06-03, 11:55:02']
 ['1' '1' '1' '2022-06-03, 11:55:02']
 ['1' '1' '1' '2022-06-03, 11:55:02']
 ['1' '1' '1' '2022-06-03, 11:55:02']
 ['1' '1' '1' '2022-06-03, 11:55:02']
 ['1' '1' '1' '2022-06-03, 11:55:02']
 ['1' '1' '1' '2022-06-03, 11:55:02']
 ['1' '1' '1' '2022-06-03, 11:55:02']
 ['1' '1' '1' '2022-06-03, 11:55:02']
 ['1' '1' '1' '2022-06-03, 11:55:02']
 ['1' '1' '1' '2022-06-03, 11:55:02']
 ['1' '1' '1' '2022-06-03, 11:55:02']
 ['1' '1' '1' '2022-06-03, 11:55:02']
 ['1' '1' '1' '2022-06-03, 11:55:02']
 ['1' '1' '1' '2022-06-03, 11:55:02']
 ['1' '1' '1' '2022-06-03, 11:55:02']
 ['1' '1' '1' '2022-06-03, 11:55:02']
 ['1' '1' '1' '2022-06-03, 11:55:02']
 ['1' '1' '1' '2022-06-03, 11:55:02']
 ['1' '1' '1' '2022-06-03, 11:55:02']
 ['1' '1' '1' '2022-06-03, 11:55:02']
 ['1' '1' '1' '2022-06-03, 11:55:02']
 ['1' '1' '1' '2022-06-03, 11:55:02']
 ['1' '1' '1' '2022-06-03, 11:55:02']
 ['1' '1' '1' '2022-06-03, 11:55:02']
 ['1' '1' '1' '2022-06-03, 11:55:02']
 ['1' '1' '1' '2022-06-03, 11:55:02']
 ['1' '1' '1' '2022-06-03, 11:55:02']
 ['1' '1' '1' '2022-06-03, 11:55:02']
 ['1' '1' '1' '2022-06-03, 11:55:02']
 ['1' '1' '1' '2022-06-03, 11:55:02']
 ['1' '1' '1' '2022-06-03, 11:55:02']
 ['1' '1' '1' '2022-06-03, 11:55:02']
 ['1' '1' '1' '2022-06-03, 11:55:02']
 ['1' '1' '1' '2022-06-03, 11:55:02']
 ['1' '1' '1' '2022-06-03, 11:55:02']
 ['1' '1' '1' '2022-06-03, 11:55:02']
 ['1' '1' '1' '2022-06-03, 11:55:02']
 ['1' '1' '1' '2022-06-03, 11:55:02']
 ['1' '1' '1' '2022-06-03, 11:55:02']
 ['1' '1' '1' '2022-06-03, 11:55:02']
 ['1' '1' '1' '2022-06-03, 11:55:02']
 ['1' '1' '1' '2022-06-03, 11:55:02']
 ['1' '1' '1' '2022-06-03, 11:55:02']
 ['1' '1' '1' '2022-06-03, 11:55:02']
 ['1' '1' '1' '2022-06-03, 11:55:02']][['1' '1' '1' '2022-06-03, 11:56:11']
 ['1' '1' '1' '2022-06-03, 11:56:11']
 ['1' '1' '1' '2022-06-03, 11:56:11']
 ['1' '1' '1' '2022-06-03, 11:56:11']
 ['1' '1' '1' '2022-06-03, 11:56:11']
 ['1' '1' '1' '2022-06-03, 11:56:11']
 ['1' '1' '1' '2022-06-03, 11:56:11']
 ['1' '1' '1' '2022-06-03, 11:56:11']
 ['1' '1' '1' '2022-06-03, 11:56:11']
 ['1' '1' '1' '2022-06-03, 11:56:11']
 ['1' '1' '1' '2022-06-03, 11:56:11']
 ['1' '1' '1' '2022-06-03, 11:56:11']
 ['1' '1' '1' '2022-06-03, 11:56:11']
 ['1' '1' '1' '2022-06-03, 11:56:11']
 ['1' '1' '1' '2022-06-03, 11:56:11']
 ['1' '1' '1' '2022-06-03, 11:56:11']
 ['1' '1' '1' '2022-06-03, 11:56:11']
 ['1' '1' '1' '2022-06-03, 11:56:11']
 ['1' '1' '1' '2022-06-03, 11:56:11']
 ['1' '1' '1' '2022-06-03, 11:56:11']
 ['1' '1' '1' '2022-06-03, 11:56:11']
 ['1' '1' '1' '2022-06-03, 11:56:11']
 ['1' '1' '1' '2022-06-03, 11:56:11']
 ['1' '1' '1' '2022-06-03, 11:56:11']
 ['1' '1' '1' '2022-06-03, 11:56:11']
 ['1' '1' '1' '2022-06-03, 11:56:11']
 ['1' '1' '1' '2022-06-03, 11:56:11']
 ['1' '1' '1' '2022-06-03, 11:56:11']
 ['1' '1' '1' '2022-06-03, 11:56:11']
 ['1' '1' '1' '2022-06-03, 11:56:11']
 ['1' '1' '1' '2022-06-03, 11:56:11']
 ['1' '1' '1' '2022-06-03, 11:56:11']
 ['1' '1' '1' '2022-06-03, 11:56:11']
 ['1' '1' '1' '2022-06-03, 11:56:11']
 ['1' '1' '1' '2022-06-03, 11:56:11']
 ['1' '1' '1' '2022-06-03, 11:56:11']
 ['1' '1' '1' '2022-06-03, 11:56:11']
 ['1' '1' '1' '2022-06-03, 11:56:11']
 ['1' '1' '1' '2022-06-03, 11:56:11']
 ['1' '1' '1' '2022-06-03, 11:56:11']
 ['1' '1' '1' '2022-06-03, 11:56:11']
 ['1' '1' '1' '2022-06-03, 11:56:11']
 ['1' '1' '1' '2022-06-03, 11:56:11']
 ['1' '1' '1' '2022-06-03, 11:56:11']
 ['1' '1' '1' '2022-06-03, 11:56:11']
 ['1' '1' '1' '2022-06-03, 11:56:12']
 ['1' '1' '1' '2022-06-03, 11:56:12']
 ['1' '1' '1' '2022-06-03, 11:56:12']
 ['1' '1' '1' '2022-06-03, 11:56:12']
 ['1' '1' '1' '2022-06-03, 11:56:12']
 ['1' '1' '1' '2022-06-03, 11:56:12']
 ['1' '1' '1' '2022-06-03, 11:56:12']
 ['1' '1' '1' '2022-06-03, 11:56:12']
 ['1' '1' '1' '2022-06-03, 11:56:12']
 ['1' '1' '1' '2022-06-03, 11:56:12']
 ['1' '1' '1' '2022-06-03, 11:56:12']
 ['1' '1' '1' '2022-06-03, 11:56:12']
 ['1' '1' '1' '2022-06-03, 11:56:12']
 ['1' '1' '1' '2022-06-03, 11:56:12']
 ['1' '1' '1' '2022-06-03, 11:56:12']
 ['1' '1' '1' '2022-06-03, 11:56:12']
 ['1' '1' '1' '2022-06-03, 11:56:12']
 ['1' '1' '1' '2022-06-03, 11:56:12']
 ['1' '1' '1' '2022-06-03, 11:56:12']
 ['1' '1' '1' '2022-06-03, 11:56:12']
 ['1' '1' '1' '2022-06-03, 11:56:12']
 ['1' '1' '1' '2022-06-03, 11:56:12']
 ['1' '1' '1' '2022-06-03, 11:56:12']
 ['1' '1' '1' '2022-06-03, 11:56:12']
 ['1' '1' '1' '2022-06-03, 11:56:12']
 ['1' '1' '1' '2022-06-03, 11:56:12']
 ['1' '1' '1' '2022-06-03, 11:56:12']
 ['1' '1' '1' '2022-06-03, 11:56:12']
 ['1' '1' '1' '2022-06-03, 11:56:12']
 ['1' '1' '1' '2022-06-03, 11:56:12']
 ['1' '1' '1' '2022-06-03, 11:56:12']
 ['1' '1' '1' '2022-06-03, 11:56:12']
 ['1' '1' '1' '2022-06-03, 11:56:12']
 ['1' '1' '1' '2022-06-03, 11:56:12']
 ['1' '1' '1' '2022-06-03, 11:56:12']
 ['1' '1' '1' '2022-06-03, 11:56:12']
 ['1' '1' '1' '2022-06-03, 11:56:12']
 ['1' '1' '1' '2022-06-03, 11:56:12']
 ['1' '1' '1' '2022-06-03, 11:56:12']
 ['1' '1' '1' '2022-06-03, 11:56:12']
 ['1' '1' '1' '2022-06-03, 11:56:12']
 ['1' '1' '1' '2022-06-03, 11:56:12']
 ['1' '1' '1' '2022-06-03, 11:56:12']
 ['1' '1' '1' '2022-06-03, 11:56:12']
 ['1' '1' '1' '2022-06-03, 11:56:12']
 ['1' '1' '1' '2022-06-03, 11:56:12']
 ['1' '1' '1' '2022-06-03, 11:56:12']
 ['1' '1' '1' '2022-06-03, 11:56:12']
 ['1' '1' '1' '2022-06-03, 11:56:12']
 ['1' '1' '1' '2022-06-03, 11:56:12']
 ['1' '1' '1' '2022-06-03, 11:56:12']
 ['1' '1' '1' '2022-06-03, 11:56:12']
 ['1' '1' '1' '2022-06-03, 11:56:12']
 ['1' '1' '1' '2022-06-03, 11:56:12']
 ['1' '1' '1' '2022-06-03, 11:56:12']][['1' '1' '1' '2022-06-03, 11:58:19']
 ['1' '1' '1' '2022-06-03, 11:58:19']
 ['1' '1' '1' '2022-06-03, 11:58:19']
 ['1' '1' '1' '2022-06-03, 11:58:19']
 ['1' '1' '1' '2022-06-03, 11:58:19']
 ['1' '1' '1' '2022-06-03, 11:58:19']
 ['1' '1' '1' '2022-06-03, 11:58:19']
 ['1' '1' '1' '2022-06-03, 11:58:19']
 ['1' '1' '1' '2022-06-03, 11:58:19']
 ['1' '1' '1' '2022-06-03, 11:58:19']
 ['1' '1' '1' '2022-06-03, 11:58:19']
 ['1' '1' '1' '2022-06-03, 11:58:19']
 ['1' '1' '1' '2022-06-03, 11:58:19']
 ['1' '1' '1' '2022-06-03, 11:58:19']
 ['1' '1' '1' '2022-06-03, 11:58:19']
 ['1' '1' '1' '2022-06-03, 11:58:19']
 ['1' '1' '1' '2022-06-03, 11:58:19']
 ['1' '1' '1' '2022-06-03, 11:58:19']
 ['1' '1' '1' '2022-06-03, 11:58:19']
 ['1' '1' '1' '2022-06-03, 11:58:19']
 ['1' '1' '1' '2022-06-03, 11:58:19']
 ['1' '1' '1' '2022-06-03, 11:58:19']
 ['1' '1' '1' '2022-06-03, 11:58:19']
 ['1' '1' '1' '2022-06-03, 11:58:19']
 ['1' '1' '1' '2022-06-03, 11:58:19']
 ['1' '1' '1' '2022-06-03, 11:58:19']
 ['1' '1' '1' '2022-06-03, 11:58:19']
 ['1' '1' '1' '2022-06-03, 11:58:19']
 ['1' '1' '1' '2022-06-03, 11:58:19']
 ['1' '1' '1' '2022-06-03, 11:58:19']
 ['1' '1' '1' '2022-06-03, 11:58:19']
 ['1' '1' '1' '2022-06-03, 11:58:19']
 ['1' '1' '1' '2022-06-03, 11:58:19']
 ['1' '1' '1' '2022-06-03, 11:58:20']
 ['1' '1' '1' '2022-06-03, 11:58:20']
 ['1' '1' '1' '2022-06-03, 11:58:20']
 ['1' '1' '1' '2022-06-03, 11:58:20']
 ['1' '1' '1' '2022-06-03, 11:58:20']
 ['1' '1' '1' '2022-06-03, 11:58:20']
 ['1' '1' '1' '2022-06-03, 11:58:20']
 ['1' '1' '1' '2022-06-03, 11:58:20']
 ['1' '1' '1' '2022-06-03, 11:58:20']
 ['1' '1' '1' '2022-06-03, 11:58:20']
 ['1' '1' '1' '2022-06-03, 11:58:20']
 ['1' '1' '1' '2022-06-03, 11:58:20']
 ['1' '1' '1' '2022-06-03, 11:58:20']
 ['1' '1' '1' '2022-06-03, 11:58:20']
 ['1' '1' '1' '2022-06-03, 11:58:20']
 ['1' '1' '1' '2022-06-03, 11:58:20']
 ['1' '1' '1' '2022-06-03, 11:58:20']
 ['1' '1' '1' '2022-06-03, 11:58:20']
 ['1' '1' '1' '2022-06-03, 11:58:20']
 ['1' '1' '1' '2022-06-03, 11:58:20']
 ['1' '1' '1' '2022-06-03, 11:58:20']
 ['1' '1' '1' '2022-06-03, 11:58:20']
 ['1' '1' '1' '2022-06-03, 11:58:20']
 ['1' '1' '1' '2022-06-03, 11:58:20']
 ['1' '1' '1' '2022-06-03, 11:58:20']
 ['1' '1' '1' '2022-06-03, 11:58:20']
 ['1' '1' '1' '2022-06-03, 11:58:20']
 ['1' '1' '1' '2022-06-03, 11:58:20']
 ['1' '1' '1' '2022-06-03, 11:58:20']
 ['1' '1' '1' '2022-06-03, 11:58:20']
 ['1' '1' '1' '2022-06-03, 11:58:20']
 ['1' '1' '1' '2022-06-03, 11:58:20']
 ['1' '1' '1' '2022-06-03, 11:58:20']
 ['1' '1' '1' '2022-06-03, 11:58:20']
 ['1' '1' '1' '2022-06-03, 11:58:20']
 ['1' '1' '1' '2022-06-03, 11:58:20']
 ['1' '1' '1' '2022-06-03, 11:58:20']
 ['1' '1' '1' '2022-06-03, 11:58:20']
 ['1' '1' '1' '2022-06-03, 11:58:20']
 ['1' '1' '1' '2022-06-03, 11:58:20']
 ['1' '1' '1' '2022-06-03, 11:58:20']
 ['1' '1' '1' '2022-06-03, 11:58:20']
 ['1' '1' '1' '2022-06-03, 11:58:20']
 ['1' '1' '1' '2022-06-03, 11:58:20']
 ['1' '1' '1' '2022-06-03, 11:58:20']
 ['1' '1' '1' '2022-06-03, 11:58:20']
 ['1' '1' '1' '2022-06-03, 11:58:20']
 ['1' '1' '1' '2022-06-03, 11:58:20']
 ['1' '1' '1' '2022-06-03, 11:58:20']
 ['1' '1' '1' '2022-06-03, 11:58:20']
 ['1' '1' '1' '2022-06-03, 11:58:20']
 ['1' '1' '1' '2022-06-03, 11:58:20']
 ['1' '1' '1' '2022-06-03, 11:58:20']
 ['1' '1' '1' '2022-06-03, 11:58:20']
 ['1' '1' '1' '2022-06-03, 11:58:20']
 ['1' '1' '1' '2022-06-03, 11:58:20']
 ['1' '1' '1' '2022-06-03, 11:58:20']
 ['1' '1' '1' '2022-06-03, 11:58:20']
 ['1' '1' '1' '2022-06-03, 11:58:20']
 ['1' '1' '1' '2022-06-03, 11:58:20']
 ['1' '1' '1' '2022-06-03, 11:58:20']
 ['1' '1' '1' '2022-06-03, 11:58:20']
 ['1' '1' '1' '2022-06-03, 11:58:20']
 ['1' '1' '1' '2022-06-03, 11:58:21']
 ['1' '1' '1' '2022-06-03, 11:58:21']
 ['1' '1' '1' '2022-06-03, 11:58:21']
 ['1' '1' '1' '2022-06-03, 11:58:21']][['1' '1' '1' '2022-06-03, 11:58:59']
 ['1' '1' '1' '2022-06-03, 11:58:59']
 ['1' '1' '1' '2022-06-03, 11:58:59']
 ['1' '1' '1' '2022-06-03, 11:58:59']
 ['1' '1' '1' '2022-06-03, 11:58:59']
 ['1' '1' '1' '2022-06-03, 11:58:59']
 ['1' '1' '1' '2022-06-03, 11:58:59']
 ['1' '1' '1' '2022-06-03, 11:58:59']
 ['1' '1' '1' '2022-06-03, 11:58:59']
 ['1' '1' '1' '2022-06-03, 11:58:59']
 ['1' '1' '1' '2022-06-03, 11:58:59']
 ['1' '1' '1' '2022-06-03, 11:58:59']
 ['1' '1' '1' '2022-06-03, 11:58:59']
 ['1' '1' '1' '2022-06-03, 11:58:59']
 ['1' '1' '1' '2022-06-03, 11:58:59']
 ['1' '1' '1' '2022-06-03, 11:58:59']
 ['1' '1' '1' '2022-06-03, 11:58:59']
 ['1' '1' '1' '2022-06-03, 11:58:59']
 ['1' '1' '1' '2022-06-03, 11:58:59']
 ['1' '1' '1' '2022-06-03, 11:58:59']
 ['1' '1' '1' '2022-06-03, 11:58:59']
 ['1' '1' '1' '2022-06-03, 11:58:59']
 ['1' '1' '1' '2022-06-03, 11:58:59']
 ['1' '1' '1' '2022-06-03, 11:58:59']
 ['1' '1' '1' '2022-06-03, 11:58:59']
 ['1' '1' '1' '2022-06-03, 11:58:59']
 ['1' '1' '1' '2022-06-03, 11:58:59']
 ['1' '1' '1' '2022-06-03, 11:58:59']
 ['1' '1' '1' '2022-06-03, 11:58:59']
 ['1' '1' '1' '2022-06-03, 11:58:59']
 ['1' '1' '1' '2022-06-03, 11:58:59']
 ['1' '1' '1' '2022-06-03, 11:58:59']
 ['1' '1' '1' '2022-06-03, 11:58:59']
 ['1' '1' '1' '2022-06-03, 11:58:59']
 ['1' '1' '1' '2022-06-03, 11:58:59']
 ['1' '1' '1' '2022-06-03, 11:58:59']
 ['1' '1' '1' '2022-06-03, 11:58:59']
 ['1' '1' '1' '2022-06-03, 11:58:59']
 ['1' '1' '1' '2022-06-03, 11:59:00']
 ['1' '1' '1' '2022-06-03, 11:59:00']
 ['1' '1' '1' '2022-06-03, 11:59:00']
 ['1' '1' '1' '2022-06-03, 11:59:00']
 ['1' '1' '1' '2022-06-03, 11:59:00']
 ['1' '1' '1' '2022-06-03, 11:59:00']
 ['1' '1' '1' '2022-06-03, 11:59:00']
 ['1' '1' '1' '2022-06-03, 11:59:00']
 ['1' '1' '1' '2022-06-03, 11:59:00']
 ['1' '1' '1' '2022-06-03, 11:59:00']
 ['1' '1' '1' '2022-06-03, 11:59:00']
 ['1' '1' '1' '2022-06-03, 11:59:00']
 ['1' '1' '1' '2022-06-03, 11:59:00']
 ['1' '1' '1' '2022-06-03, 11:59:00']
 ['1' '1' '1' '2022-06-03, 11:59:00']
 ['1' '1' '1' '2022-06-03, 11:59:00']
 ['1' '1' '1' '2022-06-03, 11:59:00']
 ['1' '1' '1' '2022-06-03, 11:59:00']
 ['1' '1' '1' '2022-06-03, 11:59:00']
 ['1' '1' '1' '2022-06-03, 11:59:00']
 ['1' '1' '1' '2022-06-03, 11:59:00']
 ['1' '1' '1' '2022-06-03, 11:59:00']
 ['1' '1' '1' '2022-06-03, 11:59:00']
 ['1' '1' '1' '2022-06-03, 11:59:00']
 ['1' '1' '1' '2022-06-03, 11:59:00']
 ['1' '1' '1' '2022-06-03, 11:59:00']
 ['1' '1' '1' '2022-06-03, 11:59:00']
 ['1' '1' '1' '2022-06-03, 11:59:00']
 ['1' '1' '1' '2022-06-03, 11:59:00']
 ['1' '1' '1' '2022-06-03, 11:59:00']
 ['1' '1' '1' '2022-06-03, 11:59:00']
 ['1' '1' '1' '2022-06-03, 11:59:00']
 ['1' '1' '1' '2022-06-03, 11:59:00']
 ['1' '1' '1' '2022-06-03, 11:59:00']
 ['1' '1' '1' '2022-06-03, 11:59:00']
 ['1' '1' '1' '2022-06-03, 11:59:00']
 ['1' '1' '1' '2022-06-03, 11:59:00']
 ['1' '1' '1' '2022-06-03, 11:59:00']
 ['1' '1' '1' '2022-06-03, 11:59:00']
 ['1' '1' '1' '2022-06-03, 11:59:00']
 ['1' '1' '1' '2022-06-03, 11:59:00']
 ['1' '1' '1' '2022-06-03, 11:59:00']
 ['1' '1' '1' '2022-06-03, 11:59:00']
 ['1' '1' '1' '2022-06-03, 11:59:00']
 ['1' '1' '1' '2022-06-03, 11:59:00']
 ['1' '1' '1' '2022-06-03, 11:59:00']
 ['1' '1' '1' '2022-06-03, 11:59:00']
 ['1' '1' '1' '2022-06-03, 11:59:00']
 ['1' '1' '1' '2022-06-03, 11:59:00']
 ['1' '1' '1' '2022-06-03, 11:59:00']
 ['1' '1' '1' '2022-06-03, 11:59:00']
 ['1' '1' '1' '2022-06-03, 11:59:00']
 ['1' '1' '1' '2022-06-03, 11:59:00']
 ['1' '1' '1' '2022-06-03, 11:59:00']
 ['1' '1' '1' '2022-06-03, 11:59:00']
 ['1' '1' '1' '2022-06-03, 11:59:00']
 ['1' '1' '1' '2022-06-03, 11:59:00']
 ['1' '1' '1' '2022-06-03, 11:59:00']
 ['1' '1' '1' '2022-06-03, 11:59:00']
 ['1' '1' '1' '2022-06-03, 11:59:00']
 ['1' '1' '1' '2022-06-03, 11:59:00']
 ['1' '1' '1' '2022-06-03, 11:59:00']][['1' '1' '1' '2022-06-03, 11:59:24']
 ['1' '1' '1' '2022-06-03, 11:59:24']
 ['1' '1' '1' '2022-06-03, 11:59:24']
 ['1' '1' '1' '2022-06-03, 11:59:24']
 ['1' '1' '1' '2022-06-03, 11:59:24']
 ['1' '1' '1' '2022-06-03, 11:59:24']
 ['1' '1' '1' '2022-06-03, 11:59:24']
 ['1' '1' '1' '2022-06-03, 11:59:24']
 ['1' '1' '1' '2022-06-03, 11:59:24']
 ['1' '1' '1' '2022-06-03, 11:59:24']
 ['1' '1' '1' '2022-06-03, 11:59:24']
 ['1' '1' '1' '2022-06-03, 11:59:24']
 ['1' '1' '1' '2022-06-03, 11:59:24']
 ['1' '1' '1' '2022-06-03, 11:59:25']
 ['1' '1' '1' '2022-06-03, 11:59:25']
 ['1' '1' '1' '2022-06-03, 11:59:25']
 ['1' '1' '1' '2022-06-03, 11:59:25']
 ['1' '1' '1' '2022-06-03, 11:59:25']
 ['1' '1' '1' '2022-06-03, 11:59:25']
 ['1' '1' '1' '2022-06-03, 11:59:25']
 ['1' '1' '1' '2022-06-03, 11:59:25']
 ['1' '1' '1' '2022-06-03, 11:59:25']
 ['1' '1' '1' '2022-06-03, 11:59:25']
 ['1' '1' '1' '2022-06-03, 11:59:25']
 ['1' '1' '1' '2022-06-03, 11:59:25']
 ['1' '1' '1' '2022-06-03, 11:59:25']
 ['1' '1' '1' '2022-06-03, 11:59:25']
 ['1' '1' '1' '2022-06-03, 11:59:25']
 ['1' '1' '1' '2022-06-03, 11:59:25']
 ['1' '1' '1' '2022-06-03, 11:59:25']
 ['1' '1' '1' '2022-06-03, 11:59:25']
 ['1' '1' '1' '2022-06-03, 11:59:25']
 ['1' '1' '1' '2022-06-03, 11:59:25']
 ['1' '1' '1' '2022-06-03, 11:59:25']
 ['1' '1' '1' '2022-06-03, 11:59:25']
 ['1' '1' '1' '2022-06-03, 11:59:25']
 ['1' '1' '1' '2022-06-03, 11:59:25']
 ['1' '1' '1' '2022-06-03, 11:59:25']
 ['1' '1' '1' '2022-06-03, 11:59:25']
 ['1' '1' '1' '2022-06-03, 11:59:25']
 ['1' '1' '1' '2022-06-03, 11:59:25']
 ['1' '1' '1' '2022-06-03, 11:59:25']
 ['1' '1' '1' '2022-06-03, 11:59:25']
 ['1' '1' '1' '2022-06-03, 11:59:25']
 ['1' '1' '1' '2022-06-03, 11:59:25']
 ['1' '1' '1' '2022-06-03, 11:59:25']
 ['1' '1' '1' '2022-06-03, 11:59:25']
 ['1' '1' '1' '2022-06-03, 11:59:25']
 ['1' '1' '1' '2022-06-03, 11:59:25']
 ['1' '1' '1' '2022-06-03, 11:59:25']
 ['1' '1' '1' '2022-06-03, 11:59:25']
 ['1' '1' '1' '2022-06-03, 11:59:25']
 ['1' '1' '1' '2022-06-03, 11:59:25']
 ['1' '1' '1' '2022-06-03, 11:59:25']
 ['1' '1' '1' '2022-06-03, 11:59:25']
 ['1' '1' '1' '2022-06-03, 11:59:25']
 ['1' '1' '1' '2022-06-03, 11:59:25']
 ['1' '1' '1' '2022-06-03, 11:59:25']
 ['1' '1' '1' '2022-06-03, 11:59:25']
 ['1' '1' '1' '2022-06-03, 11:59:25']
 ['1' '1' '1' '2022-06-03, 11:59:25']
 ['1' '1' '1' '2022-06-03, 11:59:25']
 ['1' '1' '1' '2022-06-03, 11:59:25']
 ['1' '1' '1' '2022-06-03, 11:59:25']
 ['1' '1' '1' '2022-06-03, 11:59:25']
 ['1' '1' '1' '2022-06-03, 11:59:25']
 ['1' '1' '1' '2022-06-03, 11:59:25']
 ['1' '1' '1' '2022-06-03, 11:59:25']
 ['1' '1' '1' '2022-06-03, 11:59:25']
 ['1' '1' '1' '2022-06-03, 11:59:25']
 ['1' '1' '1' '2022-06-03, 11:59:25']
 ['1' '1' '1' '2022-06-03, 11:59:25']
 ['1' '1' '1' '2022-06-03, 11:59:25']
 ['1' '1' '1' '2022-06-03, 11:59:25']
 ['1' '1' '1' '2022-06-03, 11:59:25']
 ['1' '1' '1' '2022-06-03, 11:59:25']
 ['1' '1' '1' '2022-06-03, 11:59:26']
 ['1' '1' '1' '2022-06-03, 11:59:26']
 ['1' '1' '1' '2022-06-03, 11:59:26']
 ['1' '1' '1' '2022-06-03, 11:59:26']
 ['1' '1' '1' '2022-06-03, 11:59:26']
 ['1' '1' '1' '2022-06-03, 11:59:26']
 ['1' '1' '1' '2022-06-03, 11:59:26']
 ['1' '1' '1' '2022-06-03, 11:59:26']
 ['1' '1' '1' '2022-06-03, 11:59:26']
 ['1' '1' '1' '2022-06-03, 11:59:26']
 ['1' '1' '1' '2022-06-03, 11:59:26']
 ['1' '1' '1' '2022-06-03, 11:59:26']
 ['1' '1' '1' '2022-06-03, 11:59:26']
 ['1' '1' '1' '2022-06-03, 11:59:26']
 ['1' '1' '1' '2022-06-03, 11:59:26']
 ['1' '1' '1' '2022-06-03, 11:59:26']
 ['1' '1' '1' '2022-06-03, 11:59:26']
 ['1' '1' '1' '2022-06-03, 11:59:26']
 ['1' '1' '1' '2022-06-03, 11:59:26']
 ['1' '1' '1' '2022-06-03, 11:59:26']
 ['1' '1' '1' '2022-06-03, 11:59:26']
 ['1' '1' '1' '2022-06-03, 11:59:26']
 ['1' '1' '1' '2022-06-03, 11:59:26']
 ['1' '1' '1' '2022-06-03, 11:59:26']]